N,P,K,temperature,humidity,ph,rainfall,crop
102,18,179,34.82322234615137,92.28346134886411,7.29328938591707,69.2064905656996,rice
92,13,22,27.97388840720062,69.03783666218702,9.545001397609317,261.32591943900604,cotton
14,44,153,10.842275657640705,95.99702858783134,5.753062234124703,143.84860190395074,cotton
106,29,145,32.55434286967292,89.83209265034196,5.070084478853556,58.35864766721708,wheat
71,107,153,25.097355391506902,64.36332247289934,7.724017336353692,260.2065496816615,cotton
20,26,130,10.03097489096125,85.73264603276188,4.780362552436875,247.3693064336847,rice
102,8,140,42.620829280656125,69.34175275694191,5.528667666261255,294.08033639077547,cotton
121,33,50,41.906558186667,20.99397726678189,4.946439714082258,273.4371551964756,maize
74,113,108,26.704649202729833,77.7412080778052,3.945348976107148,257.3058407661618,maize
87,102,139,12.09448386160097,22.395551585436916,8.829091896133736,34.84408363069273,wheat
116,41,155,35.128549572710924,65.18477595043575,5.139241096415498,49.274018099801154,rice
99,79,90,25.973798838684658,74.49031844616738,6.546297121529053,178.5864721345526,maize
103,74,154,19.37029461838489,19.96274657583451,3.778950359757769,168.14724820254486,cotton
130,132,93,25.955923486870205,34.0437177345823,8.00374616266702,147.6840607531622,maize
52,89,26,27.037178467380436,92.75142374946863,5.628812854852512,130.65630872914952,maize
1,46,96,28.44050271092852,67.09047827420387,8.296104527220113,140.23743846198596,wheat
87,104,33,24.20664642088813,35.37163753243877,6.155875709413058,178.67407996642027,cotton
37,45,17,29.940572314396128,73.46506998280712,4.760666105252223,20.787998673982607,cotton
129,38,6,40.84790466463225,65.41567471911604,6.8048475298963105,92.77828727987941,cotton
20,21,33,21.455042835385903,57.25506899696653,4.340449364065112,164.47316025370276,wheat
57,126,184,34.12121874321523,97.93874749597855,6.337072189582086,221.23885106580946,cotton
21,80,31,40.001671605324496,72.84565779937166,5.543447274587933,68.68651532825857,cotton
88,91,54,24.720877760233805,46.44281192073347,9.373019722245637,172.434374723732,maize
48,121,99,24.28443589790936,82.84229459762913,3.8923809678814365,219.07985300960738,maize
58,110,155,29.813776939614065,90.08647986920423,7.969472146840978,143.97210858033537,cotton
14,90,92,29.440525565873713,24.99390636178279,4.676917508959087,27.74803355705871,rice
50,31,48,36.939638580070756,31.45140126089624,5.554650278699624,145.26379190890998,rice
107,61,26,25.435445924673502,32.79497922243328,6.175910566119704,102.72543450358503,cotton
54,35,175,43.544884794934525,73.51067630061424,9.347617175574833,278.97796830366474,rice
63,138,169,10.902584175024735,65.95255065916744,5.0622040335154335,54.896135903562424,wheat
130,102,193,8.940399523037456,67.31995692596298,4.088028688387676,201.8266822154381,maize
50,16,101,31.14091115785289,94.90308724938403,5.5523610496989715,34.88454695920839,wheat
134,57,188,19.230456695811405,80.77113659224227,4.174113250248835,144.4015413651641,maize
20,142,7,17.20732624617701,25.226753169150054,4.328161369585958,174.41019026770945,rice
72,126,195,19.699682938149174,44.048307105486515,7.195597850959171,103.14575513204952,rice
17,50,122,17.75325764390766,51.581943350184055,3.892208449160737,146.88030314709903,cotton
131,68,23,9.903033230666608,48.20182738744469,3.699194876174565,65.73519870747765,rice
88,134,27,42.687926527312015,71.63313397735628,8.100826813470006,104.86287349942788,rice
59,58,161,16.522980272579446,90.71307681115255,5.829007290776326,193.09494553875504,cotton
13,111,34,34.41093722623732,40.49473145317339,4.307417249066144,104.21604554895254,cotton
8,55,43,35.40648435509201,61.56690813402403,5.133266244336521,270.6534858751094,maize
89,40,112,41.21462032055194,81.92817564643256,7.63503710734945,195.12707665936952,rice
52,119,115,9.894648579704292,49.938212004223345,5.274455492387082,142.3079542816563,maize
129,30,29,39.22088459487822,28.67108596638764,6.684716045775427,30.997993011506694,maize
83,33,132,27.20383240226704,54.9727967424085,4.2837177753197695,159.25927910422027,wheat
91,15,115,30.874162232309104,18.9936744780924,7.287323026179078,233.0854669955186,rice
110,44,140,31.289789157668025,95.04110967707517,5.5355402839506205,94.12795740675534,rice
7,15,110,37.399953503717754,20.67367370931309,7.537676718364934,244.77542311173443,wheat
34,117,190,20.449245177245004,51.84450963127956,8.706063042037908,90.30041333026287,maize
80,43,148,34.37683396662077,59.68142170050846,7.439002940871551,249.49980708610533,rice
49,58,76,27.25094712381857,98.72024450366611,5.4046143031119325,43.94444288761041,maize
103,102,133,36.47978139854137,28.491390722666026,5.146989437971055,261.31223536369436,wheat
131,59,112,43.35052924203915,24.069069775451375,5.6085909742434055,159.15854861729255,cotton
1,115,9,15.82268795652108,15.006290926201235,4.560156105243091,102.75123807079993,maize
133,73,7,43.49350515836593,27.595583568436595,4.666746719474129,94.00427325305668,rice
53,60,197,11.959953576754675,32.02743976568047,8.59205069623708,140.46013907826645,cotton
105,37,136,8.910766544482764,68.31339831250267,5.977677792707945,298.29542779714956,maize
3,40,108,10.369043475797419,33.09326607235084,6.307808962874573,81.53812996335111,maize
53,85,68,20.741116805076146,16.019044238597758,7.325678558250264,48.94035421546955,cotton
43,113,110,30.886785624143428,85.11772457647334,7.297368508775966,183.05453921283956,cotton
13,77,102,11.23567949994156,45.59886349006003,3.9339070526012017,156.1957955336456,cotton
94,44,14,9.02745363635542,44.578879973700516,8.855122664014566,166.12003205047162,rice
47,21,153,41.487622341789,40.18850238027466,4.64198300276217,205.8514734770514,rice
14,133,132,37.47414326250655,97.8689973169912,8.156581336159867,94.56955184849525,maize
39,65,50,37.03003351419523,28.842293571751608,8.476001163545392,273.69360146510536,maize
81,108,159,39.652186001243905,91.25696684207132,8.10395299954806,141.47931960513952,wheat
110,46,70,33.22619440610784,80.8475816310312,7.228616043808694,56.14114241790424,rice
52,29,173,12.468483921720638,20.81586178540112,3.5940819413812055,226.82885893689343,maize
23,43,116,22.73864155436925,98.84241858065275,5.82081817081882,199.21809655117863,cotton
123,39,17,34.031759603292336,37.52149039456398,7.395165925095022,108.09717608143174,cotton
40,135,141,18.599655958584506,22.710528504361186,5.995186345741149,193.20973683487742,rice
14,112,168,32.78611179014788,85.3488161492601,9.060810523238516,81.40857555530472,cotton
44,106,90,9.683770922127685,74.83622674685243,5.488686653251523,144.03103567243642,wheat
64,102,94,19.49888632965382,67.16799603985366,5.390364063433773,270.561475545275,maize
88,16,62,27.967192219259466,27.63067963627255,5.213025143516717,57.379253800294606,maize
70,23,58,30.858330558292543,55.27668708546105,5.643108796107523,127.84695685401005,maize
8,105,16,28.93986715649759,81.16926262477197,7.089687970183365,248.77499392090868,rice
87,48,18,33.14680622115902,40.286643977689984,8.053178495115485,290.0677918497097,cotton
128,53,125,9.042192876158392,40.978052100309355,7.766937390237776,146.5603400730069,wheat
135,21,166,12.347800819216625,14.529238466445028,8.701702760680728,161.33334426690078,rice
62,78,185,39.11270719192821,29.196144389041933,9.205286131003415,179.47406556251232,maize
138,61,125,32.58894024654212,89.29977018544363,8.755549032691182,279.72910522374343,wheat
80,59,24,12.765667747607495,52.126509263184246,3.6220083977308435,259.09186026845623,maize
135,51,79,38.176294143340485,98.62858127437568,8.239311620874808,67.6968230384347,maize
32,16,148,17.27175794118616,48.18008663754549,4.842093254102055,141.78153859773334,rice
122,66,74,25.49735696420354,75.56578290376228,4.356056595039409,149.36451918847527,maize
4,84,60,13.890098474030411,38.42610035779338,7.6118677741064324,239.85490267743145,wheat
40,87,105,33.577335466296475,45.445762438600816,5.559146178425555,188.02523387322293,maize
27,12,190,32.06987657234723,30.609031656291492,3.8678345321056544,202.3122656057758,cotton
134,85,136,16.187269620139848,44.01018622776814,4.386335489525447,298.05894429872467,maize
71,122,115,38.91951672496651,61.16920025045752,3.5059854446425494,41.07512809987814,rice
11,29,129,22.81551494405697,99.27477135754127,9.316760160099914,82.28478438061458,wheat
32,93,136,19.024150923815352,71.19537084451346,3.6585398159375764,133.74783416737006,rice
47,16,24,14.13868619283906,31.33936321188068,4.848895155641252,117.01523188865775,cotton
61,63,142,18.10595523616648,18.114094773227762,6.180732307630123,26.235042000932882,maize
36,113,28,9.597638204650023,25.09127757827985,5.796319339123275,45.7562967612518,rice
98,30,158,29.156523612095626,62.48223185312562,9.371514647318275,209.75334866218546,rice
103,51,41,38.18174151008659,79.84954338617321,3.759460810530451,264.9699643769688,rice
34,36,58,27.96196866304122,94.87273444982003,6.798662717440212,163.34508858588487,rice
100,14,107,16.47169757304707,15.616362303567481,7.882287738656968,170.29383698261975,cotton
130,20,153,10.003370860753463,59.07099933468348,9.500134950506727,91.21525702889281,cotton
0,30,42,16.30978835306928,54.62274977545071,7.495190863676763,233.94838581744358,maize
4,90,178,23.331831768277567,70.49703648375734,8.676183719915752,229.47202339367584,maize
102,139,8,35.30245829018791,62.227099404769106,4.039188599724044,183.98158959373475,wheat
26,18,192,15.376323410941428,73.15299598793024,5.985450450433812,79.4051041504323,cotton
136,83,61,33.91473214941081,70.6708391647006,5.908219546045194,47.215021046293856,rice
14,121,177,39.04263137206315,24.290245054823146,9.207696113974821,38.090807589830995,rice
89,11,24,24.650047656576245,82.81181955539665,4.4748303429354905,185.18695015004505,wheat
41,141,21,37.45690490874438,24.823496390403363,4.478146949847899,249.8585810833984,rice
123,119,123,28.159808579023085,74.13804519292724,5.6159144852645415,259.1262756862204,wheat
62,76,75,31.032615672269536,49.9319809141528,3.850761345042434,149.2592043934993,maize
95,63,8,27.17080434278636,58.30728496790597,4.675029781802036,238.51191616202468,cotton
51,86,18,24.971569178784257,91.69070579228591,9.715950072234534,283.77410265152395,wheat
95,120,7,17.00767244588835,90.54083303330728,6.257504572744593,96.80360081105374,rice
131,107,84,19.396312972217455,84.36664252074914,7.57020370224049,130.98226241508377,wheat
28,21,190,18.935458645184774,57.98991917271603,8.17615651017946,279.48717758928603,maize
35,18,59,28.460619243740446,77.37047652467217,5.863231461126371,114.35658975276624,rice
12,112,136,13.010386201882564,58.22553559907234,4.448142359203729,274.587465411072,maize
70,49,124,40.78019042097638,88.80263338973792,4.830381744468268,293.28383740853053,maize
85,102,28,33.9448318131165,48.78594442472418,5.517436109179131,204.42501629869113,wheat
27,135,166,22.820380237324798,97.42857372324325,7.5962806270683325,247.59141208348527,maize
65,41,162,14.358051436744272,94.17870683537939,6.06492673613351,228.8460078009391,rice
44,112,86,39.56742711479901,77.83017653940705,3.5438866544768253,214.92536060728108,maize
61,43,151,37.53866644002561,38.21152959157289,6.870742271834518,105.6442641643261,maize
133,19,163,33.9819961121937,25.54534563135811,9.434546243883771,36.10220895667614,wheat
27,124,192,18.293414602281796,87.5251797419889,8.729779814895892,115.69844974684474,maize
27,8,64,22.85526531456336,28.42971196774604,8.814361230912024,205.85163148150744,cotton
107,97,151,12.410776597966954,87.48723483285163,8.620173633383484,48.74900232670852,wheat
43,20,53,15.418027436754482,56.328376375383534,5.584826516931129,23.52737056199369,wheat
83,112,67,36.11812981048814,49.11004750803069,8.427848289378284,59.093371914027976,rice
29,130,114,33.749099351946334,91.68151356168727,4.421959144304083,219.4350951164449,rice
74,59,154,29.512978839711323,66.02210622335262,7.73569198845714,290.9871268560712,rice
127,38,156,40.04607639852713,63.687352691159404,7.631701569451364,293.8460591377853,rice
91,17,113,29.156838145784633,62.157416773203366,3.664669506137891,157.70909616317132,cotton
128,22,80,25.10383479873183,46.07665091319423,8.5745276603256,262.1942129812199,wheat
120,100,34,20.691920508755828,81.60532683451679,9.316917796812639,225.30564395843118,maize
26,127,62,41.604630424905615,35.929882621032064,5.222154393360373,159.67454996466438,rice
120,43,121,11.71263383412372,94.7420759747381,8.731796263758811,179.63789434804843,rice
115,50,163,41.27142491631917,90.89241177662548,4.030694458790946,58.40717626080607,rice
2,33,104,37.64100589859599,43.18881351685227,7.363793007201265,281.2080675626284,maize
102,66,196,13.35805787006919,76.78963434997021,6.627565812752744,118.16965168319007,rice
136,20,23,28.519704864982586,63.39669222821898,7.01574755450996,144.39564553485314,maize
61,125,180,39.02919716395568,43.20329816737439,9.464761500135182,207.16662529826513,wheat
50,14,177,28.757549351709308,98.9960756661697,9.111270192269735,113.1517529494163,wheat
58,107,98,40.44591378138769,16.423345286113207,8.555938752624035,90.98303746126882,wheat
117,88,187,41.69298601603908,35.916817744856694,5.262618067448709,195.86259861676592,cotton
95,137,117,23.55010059812306,58.84074851844781,9.37211196873843,27.164319303152794,maize
112,69,187,21.97938110001038,59.001811458182495,4.127949539467356,220.82383493262608,rice
61,7,150,41.460792215825116,64.74334318433375,8.995440154638594,163.28840500512652,rice
51,124,67,32.358631131065934,78.69368146580464,5.6133508659572335,188.82155089050212,rice
11,72,120,12.8733904449837,67.70451963211408,3.8462936871031728,196.0938423263705,rice
38,41,117,10.30386746041044,65.71612679646333,7.810658978510419,166.91441105970512,cotton
129,77,51,28.50732242725462,18.84725976090607,4.989442738354753,182.3582769506289,rice
130,53,61,41.2464581455291,46.53617626929865,5.068598050568229,210.5424457176966,cotton
112,125,122,38.25206727884277,34.151818007183095,5.470943750513288,229.84063111246232,maize
100,92,49,32.383293964282124,37.007525966521335,3.9101299027162075,222.69637311449165,wheat
112,144,165,13.6781873338544,61.77780830045436,4.640698808636756,262.2677410097751,rice
80,41,149,17.68996372364204,31.361595595766033,3.5330992016510083,72.94157962214656,wheat
112,65,202,39.34156624535868,39.45731693916846,6.368437315921266,131.86953730804186,maize
1,128,8,15.200832197492982,34.58290121410639,4.042604630571735,284.02903497512415,maize
129,43,152,18.533613377527644,95.56567229266365,7.896282776484641,130.60098638043488,rice
53,67,51,13.346582694161153,95.23674656170628,5.017411161674215,54.96758590676358,maize
86,50,147,32.39237186479223,66.54419040285356,9.57661748758654,166.4676509229127,wheat
128,92,202,41.72778334190785,93.51006601969847,9.110860480447322,50.68681221053455,rice
125,15,51,18.2035359010992,81.61985996954895,5.363999363595261,76.67419899990128,cotton
129,66,82,25.39792028357507,64.83033251377105,8.54390752798901,298.0920258915258,rice
52,81,128,30.936739928935467,14.811626329505328,8.672897186041352,170.89829039756336,wheat
67,56,79,43.66139875031473,80.48009604272652,9.853466454896804,99.27765258940343,rice
122,8,107,12.482561065165388,74.47730064096355,7.350089515286211,297.10560860564675,rice
37,63,141,26.205192362773964,66.99954315936853,4.0278593311051845,289.2516749798241,wheat
23,76,94,22.251436178602127,79.44357199742149,7.665631754285893,142.88971208580477,rice
68,97,148,39.00383275799908,58.227687964492915,7.524869579541666,92.69320533111431,rice
115,67,73,25.41747542575621,74.61401801766519,7.610977718587581,253.5785392629611,wheat
97,58,65,12.697566731792412,94.42295127419501,5.478017973791122,219.4030265690966,maize
138,121,142,30.93968146323744,46.474005958326515,9.036336527917344,211.42014843322713,wheat
96,114,54,35.69170454649621,74.96020368768161,9.679000858232852,268.80820989711026,rice
123,78,7,8.93041162054667,55.03595975989938,4.902068583579296,212.10925921308325,cotton
69,111,111,38.76464048690894,72.06953815349449,4.06769989839999,99.20515744561521,cotton
92,61,117,15.312901550197449,79.6552167237201,4.752805613605037,213.3468111081101,wheat
2,7,98,28.06961735817022,18.15618833735643,8.784355776806828,105.33319086580786,cotton
89,124,122,23.32054289895764,69.6865900552793,7.857591448239818,231.5441699875246,rice
95,10,202,33.909935508876984,33.69625432736329,7.596144884663975,192.7168152977274,rice
51,9,85,21.764982275283103,71.69518914086463,6.0875477901046935,41.757505494955325,wheat
127,9,113,39.141246707357624,54.40526353824649,7.221212136533646,162.95772313382182,rice
38,58,55,34.28779817941384,80.56894103265813,5.482709366766926,115.7678247756345,maize
81,51,151,31.402804011542813,24.837917879423728,6.57316851145167,111.66763562103412,rice
103,13,174,36.578984755365475,67.94835198396905,8.607325902707023,187.84804176670957,wheat
128,103,39,35.107702767254125,38.130510883669785,9.819195887613176,109.92911489106442,maize
10,24,50,10.082462821016135,87.3776166397383,9.505228667918324,236.45837481282632,maize
41,126,158,22.58649223149226,93.84103410314428,9.514096671929842,39.9147962137104,cotton
98,65,73,41.26863431147967,99.67126173416864,6.090320852415403,204.02907005437802,rice
6,127,97,13.211490774379083,82.49375453606673,6.519006830463733,245.44937359785396,wheat
89,86,68,34.51781478255699,78.87008451708856,8.044291952616241,207.49270088935174,cotton
111,66,169,42.79452462503624,32.732725050126476,9.438916016650271,158.61374643381583,cotton
59,7,53,10.649122222217262,43.06252509663212,4.414443030227425,284.727957273466,rice
112,17,153,32.604456739837374,54.178307479862596,5.459317603047141,103.697878635291,rice
1,124,78,25.145171824340913,80.55422341589446,4.396749679186065,25.545381492577565,wheat
128,129,196,29.014257649809068,92.69087395448348,7.441334932938892,140.45424154684878,cotton
47,93,9,11.80414557647872,30.47300365397024,5.472578419955742,29.398872357856092,wheat
139,77,104,10.328792272562842,93.32534078592123,5.600134570180973,285.7382950657259,cotton
36,72,74,32.070303120199625,73.88894519978986,3.9566987791025863,78.64068803397015,cotton
8,105,94,37.52233362925202,66.6152670343215,5.752686638040892,239.80783711617062,cotton
98,102,8,36.08323442241391,31.39039377428786,9.05447750766621,235.81213935158448,rice
47,15,130,27.781629616138375,19.019605812400386,5.000988908576977,80.81483922674455,cotton
130,109,43,12.31035871659581,62.988811100100605,7.977007282392822,193.1284047591546,cotton
53,71,167,32.80834886768508,70.10792437495266,7.5548065414045364,33.59278087820342,cotton
119,127,133,17.259827591861985,32.32818583868387,9.060840877897103,154.81298593067152,maize
115,33,28,40.58074429144332,61.95942596335812,4.351934382872686,24.287027876296683,rice
74,141,61,38.04354778016782,87.67861448480781,9.795679344622076,276.61039904833734,maize
112,80,104,33.55199640299558,85.84185284440431,7.2521284804999535,291.90354483595075,rice
103,13,74,41.897281560714895,93.7528860798574,9.910853541113484,82.0824080938502,wheat
83,44,45,9.925050479667862,45.62373159521579,9.370154834576079,78.13631472990036,maize
111,29,186,34.48658481336756,41.52320935906475,4.926571232408401,230.0080111460688,wheat
98,9,178,20.338960859873726,78.50079723267493,3.8616833437773366,90.73815566414527,cotton
92,143,64,40.40639611616983,51.21495536491526,5.146315764042129,269.35456024269956,wheat
127,128,112,18.12363060366992,21.764671480461352,6.897509899556264,179.96317503983212,wheat
109,42,192,34.09124900112835,38.50171292107524,4.6050806038998235,117.8489513649204,wheat
81,76,61,39.415998634829734,50.140873515759246,4.578440754695846,251.9903042963611,wheat
53,137,35,10.281740120636483,39.334507991824324,6.479102443357186,157.54975506006858,rice
67,94,88,22.68801814878246,42.736661541604406,3.7142457343306683,273.9630215307542,maize
32,41,156,35.39646976596456,39.44247067726877,4.284959251507821,278.5227627936232,rice
20,64,40,24.683923299339412,17.81730861093357,6.178147025787182,66.25469934494274,rice
47,32,162,18.143754148306797,68.87175775467121,3.906556615299304,20.85672009682279,rice
127,85,156,16.490216406488173,65.45990627269938,6.055102563573609,294.08717718863767,wheat
135,118,112,13.41341160203577,70.2680334895925,6.5526003527079855,272.4333831810839,rice
134,44,110,38.70096516099144,30.74480428800255,6.406156994630857,35.643181358164256,maize
127,49,162,28.881135803316724,39.60350730702224,9.097486081675882,252.08508736799683,rice
32,66,90,11.492015332952242,67.37347725771873,6.913602210533156,147.64000297785518,cotton
114,97,139,22.162924276436645,65.66007516838447,6.513794178358599,92.29196275870186,wheat
118,119,167,21.64551773055808,57.66263411784784,6.14496754032233,264.8090948654734,cotton
21,71,187,15.163610796224784,44.29742379087412,8.76549455628089,74.95232413584203,maize
37,60,18,24.007440747705846,92.51644572928642,9.264164529758926,283.8909548385756,maize
108,44,124,20.40366288395081,43.385105169856885,8.994881501629436,77.44474110111159,maize
50,102,142,20.74185913640256,53.315674089801206,7.837639963166157,191.0287153042958,maize
7,44,84,34.58507553891036,72.38791758939477,4.384609644038262,82.30608121614016,rice
26,95,148,16.61072898485609,60.807797053899016,5.283042603528559,172.0968728940195,wheat
26,37,186,31.198819566109137,43.99506589395513,3.7966461301119345,210.5944774118796,maize
20,10,110,28.71713939225058,51.60347143793202,9.494507042936334,73.15994454378529,cotton
29,84,74,28.628024054974674,82.36289570640255,7.755542531209462,165.19855761473409,maize
96,96,48,31.93580601304089,38.10123120831242,8.306576974977276,150.77277985098965,wheat
27,101,77,27.941113961418544,26.454119153668618,5.506522002909554,39.98326624762004,cotton
110,63,49,39.47204075239651,41.10434966084849,8.946008683466085,247.98598104992058,cotton
60,63,188,32.373966204466555,87.0820729516229,5.1718451470826015,113.647196218935,cotton
47,52,111,27.891669310292876,21.888198357486036,3.510585795804176,180.1449546885657,rice
3,17,88,37.74724474202443,99.26818740948657,5.924112358633269,163.50019179363798,maize
34,111,86,29.95420778793177,60.634768496079225,7.175703937376433,163.0760614471826,rice
48,49,111,18.97637703531349,98.6809771728593,6.582859285297965,50.05535342793249,cotton
16,93,189,16.04725789845351,94.75077330121,9.051770358193284,138.08621727455179,rice
45,104,25,14.138623330344355,53.07519158215978,4.178810041557715,146.12628742514883,rice
116,11,200,40.17601415723164,31.274654915170522,7.066622957681192,224.41948461544428,rice
5,137,182,33.57821979816259,28.393923047163668,6.803587012846643,254.02924186512644,maize
98,49,165,41.49763857002658,34.83188827093276,5.31217080518873,171.90581710914003,cotton
123,62,11,29.854719429165762,75.13256994919213,8.795149044995949,44.3660352639901,cotton
36,35,74,25.328020720097705,37.65727354838314,8.348345343881409,86.13705014054867,maize
23,27,131,10.911119640635494,43.52697411048045,8.219613166416991,66.11938637445769,rice
92,142,147,32.23673351187914,52.72931907841838,9.14267956005594,54.89660283869288,rice
45,111,164,29.119975277922855,92.54230536572724,8.154732828002597,122.05806977026674,wheat
94,43,152,43.33877994152861,30.494803781089004,4.9930579186428385,84.06168132467224,wheat
98,86,147,17.16468340571117,14.690876089712322,8.04382386302401,80.97467117273445,wheat
115,104,180,27.32619683174623,19.411464297616746,5.481606118230594,35.433845143304104,maize
66,6,203,31.51586312886483,91.81657080881972,5.05960474823771,25.128456968809022,cotton
127,81,153,31.29400243977068,69.76511136637309,3.9701431382736,48.815540341566766,wheat
17,16,174,28.391079971751836,37.6650418887796,8.291544057439037,68.14116839756826,cotton
24,43,158,35.90594115990381,29.4489411866793,8.078846194956784,140.17432092489736,cotton
53,17,124,15.973595152009553,39.48454466453344,5.010176636221163,162.31331473253343,cotton
57,50,132,34.118107929563394,24.100392603979728,8.326000867703563,59.34376042355631,maize
66,117,146,30.42774981444316,94.96820106958229,9.410895287122482,138.44844311325727,maize
103,21,61,40.05821764604088,81.48215326659067,4.19570648624577,115.33579026142186,maize
23,108,169,38.35472620032032,53.89617168494299,4.9981799512108305,71.26597116765606,maize
113,102,62,19.812874313769484,88.40459451047512,8.33167951392231,22.114122247096997,wheat
31,92,25,18.456870775384083,35.64355727201587,5.267822977385584,150.20442314632683,rice
85,113,86,43.04061833625781,75.73157512943644,7.522835994387136,211.06116440796825,rice
126,74,73,27.205191554896693,87.6476778154581,4.0226976055463215,83.19429595892869,rice
129,78,135,40.41877059241813,44.842213960346925,6.41218396542679,56.898431101740705,wheat
16,67,91,14.541253678749804,79.18985226403552,8.259748757634618,267.11834791681184,rice
103,64,169,31.232239180786074,39.553601778936596,7.921149793198546,96.76314542197852,wheat
136,83,53,37.05362752951643,39.87803363440412,8.749064328352196,82.45257271928824,wheat
42,41,151,41.84672444808767,23.436941345664827,9.150791695324408,258.7829331404201,wheat
38,26,119,20.58630391444327,51.98177574678566,8.479301748106403,247.65176105306801,rice
25,100,93,34.09559377185323,76.81090462495904,7.825025064526683,145.00724007053176,cotton
98,72,89,27.607633365030722,94.85572745357055,3.7042928472952408,156.38963707842106,rice
49,21,132,10.942918073416417,66.01747814816211,6.94518537675682,80.82035199055002,rice
12,16,144,32.87649084521668,88.24797829470755,3.742773348451652,42.00526997798483,maize
59,142,193,32.87986505458885,84.76424133715827,8.703956742227184,179.82474858774827,wheat
134,122,173,41.261647148901815,29.118966501041072,5.565465937522127,47.58430892463583,cotton
56,26,165,26.16133874898869,55.90427000639077,7.12204516931941,145.2655701453835,maize
35,124,182,16.85424458676144,24.282685465236558,5.299627779133733,281.99739520609654,cotton
19,54,121,10.383049247186468,72.73416900906335,8.539300929809091,285.43145222563214,cotton
64,18,200,23.315130206003815,95.68539956205363,9.209076271573853,86.82814196045729,wheat
7,33,131,19.351796997700937,26.011308346511008,6.067257662732132,193.93197046970792,rice
114,129,75,35.35392746493206,77.16846197239384,9.05722021421077,152.1691281144222,wheat
91,11,90,21.176231604710473,68.45545429239304,5.21996304801878,263.9569552635926,wheat
97,33,37,41.90513119157231,64.28662377233431,6.943216344606373,95.76278107123943,maize
65,143,85,42.366510574124284,47.70110651748443,9.030423608161254,21.240564941803232,wheat
31,37,156,30.46866436908713,44.70188484545681,5.5986758464456905,65.45891167100939,rice
85,138,65,41.19381100246867,18.138760482699066,9.644032187102873,117.49967170550195,cotton
50,115,65,35.34577390633017,32.93913447136259,4.2849039914721105,108.0909764716155,wheat
62,83,102,27.88805848798315,15.560962349626802,3.61769144901938,240.4858685378553,cotton
124,62,32,15.113731549483818,64.0990742904908,9.322631670603547,209.64406141974553,wheat
57,30,190,24.812138331457327,23.333739379454347,3.9420974099922974,103.59150156480666,cotton
57,33,47,28.376475048187224,89.09522245622726,9.887766421901846,147.6229915082155,wheat
85,8,173,38.939061088615105,59.103819734161,9.626995791145443,46.80887658680261,maize
48,103,171,25.60446817226792,74.23741900451249,4.382414660633905,270.2090629156751,cotton
69,43,90,40.11396234282679,49.478669912567355,6.962044989460123,280.5854998852495,wheat
14,19,181,32.33106191896789,62.31290122756989,4.690886715688409,292.9383140732841,wheat
53,123,21,13.604417347420448,95.06474464957957,6.257319314313971,261.9716804492379,maize
100,33,102,43.50510072097949,21.351961876541058,3.8955778324333226,68.63201309024439,maize
7,79,202,27.204058227273855,36.027545809299234,4.942074345410036,33.06879109917339,maize
52,120,202,22.4862616298564,81.12059938277186,5.839476808808913,181.54074907531782,cotton
59,36,102,31.800114691763,22.723753373982117,6.3248899015845925,274.2336092329138,cotton
107,134,69,12.624931992239212,20.745669826660382,9.795075902865271,69.57575151798943,maize
4,88,78,31.0133718393544,45.251328701196186,8.702654758204838,22.170395285629887,rice
102,26,89,26.19352461739966,22.160637400256896,8.248920041368933,244.41982441307525,rice
5,31,9,23.002591339450625,64.41292406591573,6.958546066938315,41.58607872121242,wheat
108,85,6,42.042747738084636,33.656314499998935,8.90958557829197,135.36507398215699,rice
115,130,26,27.040509128112056,91.0392294054502,5.685239061622779,209.17829030649833,wheat
93,96,116,16.466244159527356,81.42162693005541,8.065310286260155,86.12260791172775,cotton
46,25,61,24.82487725629886,74.2387302668471,9.899968801435428,43.58097953539638,cotton
98,51,70,40.87065104935764,67.1444420273995,5.52621017354268,234.54540894067992,rice
54,105,78,14.966927175871223,88.27628240487024,7.84067292465275,195.619234878308,cotton
51,88,102,16.286402798285057,33.38087991544512,8.937387725141342,295.3563263569021,maize
12,10,148,9.284080436334369,89.1028900017496,9.397800836778329,116.04814107461067,maize
113,135,116,9.324523221442487,81.93527982090977,8.123486529654254,37.401560223877084,rice
123,5,183,37.73429819950416,78.39234603795241,5.326435026806357,224.61633233557959,rice
105,62,129,34.34447284847701,62.37083672458249,5.601257056104015,165.43449713780095,wheat
119,128,171,21.20318081735075,35.36804947839984,3.6336817268783297,79.55531430216575,cotton
62,19,90,33.166143829380914,50.566527358825354,8.400105696204522,237.8042640894748,wheat
18,68,80,22.60292653190246,82.28487650706607,3.7752430630389666,76.92533948633184,wheat
91,29,92,42.038453340524285,16.98405167910985,9.068361163641683,92.76517162274791,maize
57,28,172,42.531785947697315,81.29739194128936,4.26417435721603,45.965323107976275,maize
89,16,42,22.51886308695562,34.838863874594196,4.606884738155352,131.39197486823835,maize
116,22,192,38.59963343597925,26.63018468585581,6.568830472159608,136.81894948298057,maize
61,19,63,35.7721531031567,24.1779169944155,8.251949873686701,163.43827434344888,wheat
22,31,142,19.633497810436857,16.59587102442387,4.39517420148206,217.55020375390347,maize
126,76,103,16.916588037203546,59.14183351318294,6.33405772342825,272.42319349819655,cotton
136,64,196,24.799477566190262,32.969236287306494,6.6095622072010745,58.54828642542154,maize
139,97,67,36.06000709541206,99.07409096263002,4.867119532345728,35.33779317534869,maize
128,57,53,42.29184729779678,63.50071871336548,4.244195945823268,25.36816887098267,maize
57,12,196,35.440730550000055,26.079525289197214,8.886550744027518,60.187010585455006,rice
121,83,36,38.633963427890194,73.30072499835023,6.7358787844722094,203.3502393673156,cotton
0,31,139,29.8467910700425,91.21457852121365,3.592615159737945,222.70324466032486,cotton
33,54,25,37.943962904848085,78.13678634308334,8.671199580430628,239.13386536055282,wheat
95,135,24,36.167066901419105,20.812424888301454,9.816312106869926,88.04618078357379,wheat
125,97,158,21.967946136130863,91.05519201183478,7.402164698467752,105.35582127134407,maize
117,28,131,28.06686202890713,82.31562695591619,6.743882012821415,154.69052859315678,rice
47,64,72,36.875646301340865,27.829810317053262,9.156998158009554,37.797015011044046,wheat
88,126,114,10.43507718651998,18.69908638217706,9.634208125568815,190.32124298585038,wheat
116,135,120,36.991562990100675,62.03266251594252,8.359217738411846,294.03264662364717,maize
128,50,147,15.029401123108467,27.63538974806282,6.368716867488814,120.64043677206703,maize
15,19,124,26.76672405668215,85.80113645646672,7.313905811694476,229.76509469168676,wheat
68,21,83,36.99839906852443,44.97644676989587,8.014023750715914,159.39444039880038,wheat
21,130,120,17.675664573760816,92.51314036281924,4.751121797251601,55.786426877712536,cotton
92,88,96,17.396389259819433,62.75079011592701,6.37997464747386,182.27579387419993,rice
75,13,18,22.866339286409477,29.918676777024352,8.844048944779315,103.68000262140549,cotton
85,67,159,40.00830149558057,26.226414910082063,7.716431244329972,29.786133073020103,wheat
28,121,129,8.845430933086694,63.67521734745066,6.14815419284434,196.942690378274,cotton
68,134,172,40.243200917971436,79.56866320884869,7.772054719054547,259.29381943453797,cotton
46,92,62,14.19017480876003,81.25066412445986,4.2613523337466415,116.17666461657998,wheat
93,76,32,43.33451020595175,37.89792470870663,6.085644612037804,128.84876556667467,maize
84,143,30,42.10641770739061,31.768032173951,8.607747784482083,268.22588545392335,wheat
38,68,117,26.069430357256223,15.69635042108702,4.920076589160013,246.67801320080355,maize
99,76,195,26.69830063627009,72.48095124096425,4.69759210866977,219.2171184356372,wheat
32,25,70,25.61199450861352,20.82343111292296,9.623272169861817,89.46266269568872,wheat
100,22,157,30.97521105123436,50.32765021537516,4.851740734535325,273.56880590996553,wheat
22,68,135,11.991651322887346,65.83619509964835,5.180315652947082,63.191626111039945,rice
9,86,204,9.966735499703592,94.58897875851471,9.744326646543936,194.6715740797837,maize
68,114,48,10.840947055294075,40.987679179848485,8.231523192506765,28.22680860512348,rice
99,99,101,24.316132421066776,35.67046976491567,8.005401672671521,199.3894080905487,wheat
33,36,46,18.432845681798995,70.33460842540435,8.992845912023503,97.35313034394972,cotton
137,15,10,30.50807874862913,67.34116982763302,4.245900649604955,145.3775865990885,rice
95,49,171,43.416613784711046,42.728450625172435,8.046358163575245,116.31438806508075,maize
0,37,184,22.293362581714838,93.8168893398989,6.743754644073858,68.29684310113254,wheat
68,106,27,28.82836770554229,86.68159871241133,8.83973012342986,193.33835292262987,rice
3,140,93,23.313795772370643,33.45978383155476,6.772432668203852,265.7078957733881,cotton
15,15,127,38.3574176201068,34.759298994647324,7.4943543214917945,287.171098839307,rice
23,92,182,40.272938660659,58.17438573516055,6.576659294013011,73.74961018389226,maize
79,45,175,39.40584308535331,80.57060056035735,6.579343467699635,219.89071166042868,rice
1,80,151,42.78687251797213,18.035141321179168,8.445726658718193,205.1288626946917,cotton
127,125,201,9.789043602143472,73.69268937813905,7.547967620168503,115.78920772808229,cotton
83,50,55,38.09759325077176,69.82678112359335,7.578215018364602,25.526262140109587,maize
139,84,15,35.029260230412405,34.10247382166135,6.3998191958750255,212.2133936895363,cotton
123,58,16,16.80000016760271,72.66558029504841,6.920345156413678,283.3884944367369,wheat
32,90,78,42.15775525455533,94.85250315412853,8.30242177035883,196.1606359352216,cotton
100,96,12,13.9940007988136,18.27048263098,8.819059519080753,141.37372977762797,wheat
11,101,156,32.512314960616706,41.6605741796356,7.985855429807657,166.38658642597179,rice
66,6,45,16.667424056034548,51.820508152639974,9.4510300481662,75.77667861213806,wheat
64,37,168,23.863615609776502,91.3445979670244,8.782887127667973,229.12396798085288,wheat
73,81,89,33.89272240851823,96.74505120333691,7.1184028063732985,227.9759596832415,rice
42,120,76,28.46186377485168,52.3295589296656,7.823855107825665,60.71474056283974,cotton
43,107,59,23.728438821784692,78.55243548882864,9.465425303372502,264.5952827687801,wheat
28,107,141,20.202894317979755,59.83398295709148,7.487442204925296,95.13896398239453,cotton
11,94,51,38.09213900145134,60.358753166030795,8.81175674499011,293.62097456170676,rice
94,126,147,13.841930108471258,38.09869043148807,7.935939643119516,126.79105395726737,maize
45,110,180,23.819085247063533,32.85748939545175,7.054470165229404,69.72402774874797,cotton
129,123,108,40.325951376363705,38.947818252608805,5.057437978474874,118.11129299306234,cotton
34,53,46,38.307856833529875,61.94843678207684,6.243424025376677,142.73419449286374,maize
80,108,64,22.802820422185675,16.75918254581347,9.732263791929128,39.50181862520937,maize
89,65,202,35.424326471505594,92.02937951023111,7.736009068275544,181.15708641350264,rice
7,127,16,37.51715495020375,27.656639582606815,7.134706249383093,186.56098963750844,cotton
92,138,134,39.8077267265265,33.12600138141526,9.508240668401783,225.8912922465256,cotton
89,13,11,27.8060260513656,58.68663384509224,7.277135869881169,28.3294395191284,rice
114,10,84,15.955461879006705,75.13103777043159,6.887971418608075,170.86365698765664,cotton
104,77,135,17.72752131616202,22.465894572689734,8.389961907167322,34.93678405088943,wheat
134,107,113,19.134959390349906,41.49278947374274,8.089566586273346,215.373493627718,wheat
57,45,7,29.5240164562151,97.2947871898339,4.743950454150307,35.72188481986903,wheat
113,118,31,9.973415400882004,36.74803911246266,6.53522528825734,273.98944658589346,cotton
74,12,118,30.996080036981894,41.09465843481295,6.542999451758129,215.63468249229965,wheat
119,76,111,21.527745209223887,85.96465061577784,5.935765878167141,161.4419411114535,wheat
20,96,44,19.119176816764032,18.564381084505825,6.83137002506051,143.10261704531504,rice
137,66,165,39.480455489875204,54.08664083030498,6.160411641362808,56.58272667553159,rice
100,88,133,24.861083485990846,46.80074904879717,4.783784952194419,101.20968008532398,maize
98,66,12,12.142598636814343,41.39781705936958,6.155640178048946,262.0847668825665,maize
35,115,105,37.64212486571471,38.75016920151722,3.9654635423712574,271.9644400984202,maize
95,131,164,10.490297821662255,22.092588268634277,7.208060956267211,20.418124624937324,maize
36,11,128,34.15721046226165,41.246870092023336,8.99753529518076,185.58786456777642,rice
11,88,180,35.80063182870768,17.95045196078711,8.170848823243336,220.4273245221404,rice
112,136,111,21.118200816620707,81.204222391601,5.820937617948476,192.43822256707475,rice
12,138,105,37.57385679128087,48.396086498080756,4.060738563917865,42.94556255054963,wheat
22,62,8,26.800730294097406,52.31143650646282,4.801842131010743,80.81372558067443,wheat
98,26,202,24.97578381655697,90.85892795050528,7.012957792786741,89.89221342560882,maize
104,131,114,10.412304359183935,70.66847321658385,4.8334476169867315,251.72055112377174,wheat
29,7,23,18.93751739866437,14.950826338486507,7.003186836675191,149.14156309658804,cotton
16,131,36,41.275697485352694,95.10894582424135,4.991497719479509,155.71863279384328,rice
112,45,141,22.485065120429976,34.5880236236094,8.967069719425908,280.43747950844744,maize
61,110,16,27.88251314140338,23.484687917615098,6.05842828509256,197.54285716271008,maize
83,18,143,27.370955512601178,80.10394745080923,5.081346031082522,270.354154727184,cotton
111,16,50,29.406523480320864,57.16091551609508,8.731380600791077,147.2792398843157,wheat
85,91,123,10.9673838041684,51.442812919064465,5.707882933347102,61.8055825585672,maize
18,16,20,21.45184247973568,35.64740399040463,4.217980709681756,279.05757261052173,wheat
99,29,133,34.03102034480701,61.18925611099795,7.1734371246394515,147.8905689460593,wheat
139,49,67,15.819524749893455,37.780248357965796,7.245273476580647,70.76710627997008,cotton
75,126,113,15.924706457490661,91.54369521320744,8.102640148518127,104.38185431359676,maize
8,59,123,9.181657643112512,32.707328002729284,5.0470131498620034,34.350900839917074,wheat
27,104,25,24.07624514229611,90.0669234970672,6.357887423754058,150.56146963188482,wheat
127,140,162,39.59329316646876,62.212233093349035,5.318449398634706,257.67822665121435,cotton
51,123,17,10.63874788401772,85.27800283750007,4.021342060585032,280.07211992946196,cotton
82,57,166,15.490487025935693,75.36515876520106,9.145393045982342,279.79982445863925,wheat
110,36,8,19.636446161245015,73.98070495235808,8.193921540904917,55.06777763376166,cotton
116,55,160,34.33060706926282,42.062922635620176,5.441422102914676,126.55469819695273,wheat
68,48,106,31.156150409170138,34.30964496579728,7.359962074095591,28.06747524877412,maize
98,86,63,23.32564507467765,32.33716743679716,4.796138795586002,258.24527377280947,rice
139,41,132,35.28355253315439,87.73846884314794,9.233123844364764,120.06966635862156,cotton
24,100,31,30.075640756243033,84.5869870326032,4.2399968512507025,195.88142471380357,rice
122,60,73,40.057021868054086,52.02596282121498,3.5247112170702377,219.2019802388133,wheat
52,109,29,37.33823220748345,25.609723468916087,6.732932793440333,139.85726382300732,wheat
56,63,135,17.64055417220864,47.02666303950773,7.255343183036478,105.50822437876013,wheat
38,135,101,18.289634430551878,67.35012088861605,7.22853666270498,288.0419635307732,rice
108,39,200,13.19867318136464,53.21143840202156,3.851056812699601,288.67529743538984,wheat
41,97,29,20.57322069125336,81.13782409436233,5.522442116554705,100.77461304115661,cotton
121,101,152,43.66410556736044,99.77622832338876,6.714841217658177,153.71364567881992,maize
132,139,166,22.970428226234876,30.64384262183944,4.894769955439431,291.00117156301724,maize
74,80,158,16.514021948915357,53.661268261218545,9.119710702529172,21.565121270909323,cotton
75,53,130,35.402528523973025,51.20394007265286,4.060983824131635,135.0789904363362,maize
8,98,137,27.735114470673565,40.36109990724007,6.638755804367956,48.17235895369757,rice
73,28,193,14.043610516014297,31.240747693263224,7.952719410384699,161.93411971435046,wheat
6,41,13,22.09703538845617,19.89112822549359,5.185677084866066,27.076881846344598,wheat
136,8,120,23.274269586546115,90.30386787241544,7.520110346264016,133.47017837758128,wheat
26,112,182,35.10096506483727,50.249430365671145,8.841240366916892,81.64158746649804,rice
121,130,138,9.55039720588287,56.853883845824186,4.725770119612106,168.65638269039053,rice
4,24,64,18.20533469092112,92.86027237178251,9.406900611352116,297.44483222717975,rice
28,54,176,26.868231100845946,80.80361973266704,7.0649169503455855,243.03922486203024,cotton
82,100,125,18.19930897448159,25.44656836012503,5.4270541076988295,255.59447620365773,rice
135,109,143,30.730926552552113,62.72779962333568,6.274727293461823,197.0360092314002,maize
108,121,198,25.623081652720387,52.16986514325661,5.510515731584338,31.778183766583172,cotton
64,102,179,21.435602381856384,82.59693314145154,8.169715869970556,77.77213312688752,cotton
85,70,112,41.90992064643735,76.34121398129629,8.62817627239345,277.70171928703775,cotton
70,83,112,30.860758546648043,73.4415784822171,8.864116806532177,122.11758637546791,rice
44,10,135,13.358456823537752,43.451503297336764,9.848347527332173,49.057282815929455,cotton
131,43,80,28.349195655902335,83.2614909698241,8.595870843678641,215.72453358885733,rice
35,119,34,36.0385050840514,18.750981858391505,7.372913415234348,103.56405745709978,rice
69,129,25,33.52086595762399,27.943046550765374,5.684578721643088,95.0463217068762,cotton
18,16,160,14.82730964093979,43.029626959666594,7.007194689697226,297.99702475464176,wheat
107,135,194,42.7188369665476,20.84393384845879,3.764479032770211,259.07296978116926,wheat
90,22,165,24.471155554269217,34.40370947027376,8.29667348641264,133.75949174268857,cotton
89,44,167,14.372021380348105,85.42054226258155,6.371953710393136,293.0657071957225,wheat
18,25,184,15.109822031365955,95.5441218193656,3.628949599475288,201.16901573873812,maize
38,103,38,12.253489477789456,40.370513936963604,3.9025447033270457,226.7519494807313,maize
125,30,45,36.83260607895746,36.934294717923216,5.995284027012113,28.9816555419336,rice
125,12,55,13.082762727116425,38.252398150563714,7.257234582478722,54.0588239395317,wheat
57,104,179,13.190615211389881,38.06608016771433,6.489473431251696,196.42924496022798,maize
60,91,86,38.46893577441519,17.339935216981605,7.487675803361477,270.45332557048386,cotton
126,46,62,20.839452342997454,93.71526920750259,6.59309502661633,193.82906615648227,wheat
104,18,79,9.905397965136325,32.57820469540855,7.761372764899873,57.515829333691364,maize
0,82,189,10.638551188216619,50.26274923025803,4.911171856479958,52.43180887266446,maize
130,6,27,13.784640067630761,15.090359588555755,4.226710125462522,255.18914410263315,cotton
91,123,180,16.26675817695278,87.80391039323871,7.34103466778925,58.984805979347954,rice
112,41,132,32.01034486920843,76.9348075666755,6.62140048906982,165.0165662062955,cotton
55,73,154,14.312820858063715,95.41592733508985,3.6730276920493834,30.54049261150684,rice
116,45,21,12.97277253252096,81.26007887671533,5.95030334257515,42.664429753334225,maize
133,66,73,35.48046208044833,41.15092221310303,4.183448770562011,207.35814029839145,rice
57,64,112,32.21627664251802,35.507704310200474,6.921937996487356,212.0436455924993,maize
43,129,143,24.001049117714985,74.06824188346827,6.0488082570131745,115.25800932945995,maize
60,115,98,27.973445536081627,45.47174707390001,7.4486983075034345,80.22497815540152,wheat
46,18,19,19.702643108375682,62.79595115031429,8.688078288880334,246.7062538652967,rice
79,88,95,25.64513964520232,14.796390416389027,5.4298663239392,80.64068392294399,rice
117,134,167,26.487541817048694,19.564842348050338,9.695937550822777,171.08323484163682,rice
19,74,37,22.325218900556642,60.15173991809114,6.9494861837839785,289.71093085418977,cotton
46,127,129,40.42404154192487,62.78366153353671,7.481792743980835,61.36472607899453,wheat
48,93,20,9.389755994588064,78.67454639905495,7.8835300835737465,282.1029090571522,wheat
13,32,166,36.08866851872993,25.572067198166,7.793751052282878,71.11828132166391,wheat
0,70,70,13.164741668760152,58.25005393963107,6.790651585210199,178.15781695326598,cotton
116,9,172,36.6245255147214,30.928052080684346,6.261242034778562,125.15009662371656,rice
53,49,160,30.294530261333733,22.248771368914188,3.846355849302314,288.79787622803326,rice
117,51,51,38.21824146913362,49.44769946687074,3.6422328437395977,96.35042377268914,rice
2,35,171,12.228374248585276,28.261217474193984,5.805270092791004,131.45480488056953,wheat
11,143,202,28.310475098377125,33.27115117064555,5.648776135680981,293.7891138050563,wheat
73,14,152,26.292912627137568,41.48077858641369,5.996756797163203,169.53653338731152,maize
15,122,128,33.44083242627305,36.494773711706785,4.391091213719943,160.1170926831759,cotton
101,18,5,27.450025733494606,21.768326013637726,8.253803662257273,91.96264219158098,cotton
116,84,204,27.674599664588683,21.96762050937368,9.018850831158979,215.4345470124114,wheat
7,97,91,23.801418633625854,30.825339873872892,9.545322251808784,24.210711127344407,maize
121,14,132,19.592879676655826,18.593933591891677,6.67081323466639,33.9918404776334,rice
91,80,195,25.6369129896389,67.9598957267062,8.01357510236776,187.0414627292507,wheat
89,98,71,12.95945870307876,38.889646139143075,9.009749234927018,115.3151176223667,cotton
135,109,8,42.338739863560505,38.239824357164764,6.193794755442049,285.56561220213734,cotton
59,5,190,33.72721511238695,42.71889378206123,5.492618398965662,271.6131287626874,cotton
27,137,157,42.02347901657146,71.07489662525734,9.532506139696476,218.8701371026615,rice
100,24,51,16.73144927419922,88.89073632076482,6.82095698893635,247.94082250692352,cotton
40,12,42,39.47503455315201,79.32893185866934,6.702315029645254,205.96182035500246,rice
45,5,147,37.01633096203932,76.62380561489515,4.6489996618689124,55.16577828937323,rice
34,61,195,32.42876157414993,55.7820124297048,4.196518293852417,233.2989969529896,rice
133,68,25,30.612267135069423,73.73301234324654,8.923168194393813,78.71693449289089,wheat
81,122,61,19.861755834585267,61.64279018783874,7.455017654647616,110.24031871713979,rice
114,32,121,37.28191585603132,32.796995276149254,5.59831032108525,248.2438429387087,maize
46,125,185,26.307813832568726,32.14019488276287,4.734781239993316,169.55190309631632,cotton
9,111,50,11.300571419811295,39.6667228293493,7.077402484292426,259.57449779295195,wheat
55,53,146,19.73328115580128,92.3340049555324,7.260440222841711,79.50838127837258,cotton
29,124,149,41.42510388430467,61.1844001173501,4.833038792018175,189.38512838622708,rice
108,48,43,38.47620708207889,77.17036891660025,8.983053016421092,43.53321720880862,wheat
4,60,141,43.04941357796739,43.96701689147446,4.042662518043681,199.20602755186727,maize
118,115,103,30.715569383752822,49.209395861423104,5.793239468471755,232.46134941482012,rice
32,138,81,17.455726048943355,25.023481400785187,7.881675624630642,183.0255143389772,cotton
117,112,119,14.504104481238702,28.94340378447358,5.265335142995652,94.31553844219383,maize
64,118,138,15.343968255204889,85.1810038796972,8.83022825439139,28.934231876865553,rice
10,82,155,9.519878693401816,64.39236750837097,8.264748803306599,53.45859685145895,maize
84,134,191,22.445271567859983,43.193282975560955,8.581307118889985,193.4280342252552,rice
25,41,95,15.501254665409057,83.0804056350982,4.267046091046053,280.3058673581137,wheat
62,24,102,23.17619279691608,35.3916863112879,4.405123504291296,77.69885134560798,rice
85,30,124,41.41455594958097,97.92552292400947,5.344890871075118,224.80452860340426,wheat
58,33,50,23.83432630132557,43.81776533600167,6.836416943872293,261.3866534553707,rice
26,5,42,39.4277597199215,43.174294989843226,8.317223533944151,165.19755437086474,rice
97,123,146,29.931841116563298,40.99708854260637,8.887258936500217,206.50013427308215,cotton
104,39,104,17.44253467994951,24.727399145029963,8.035919434764242,247.06951339680586,maize
98,63,76,21.231538360183517,23.786676269300102,9.480163917057311,92.76893015709422,maize
128,73,194,11.754595823376816,69.81556356026506,8.25750820192659,102.85091093250978,maize
54,16,39,20.451171386820967,89.2751187795158,5.472365192309718,20.384669253530777,rice
5,24,151,32.44230195079816,82.02341814048785,5.207123471140408,288.2872513354033,rice
94,47,34,11.343071588590817,26.355742959510216,7.983479379939019,275.60862141089257,rice
132,130,82,15.988239085459323,61.027299480015934,4.742086462361116,233.02757621743746,wheat
101,54,88,22.123220293253908,23.31130732111758,4.097083381618138,42.22081043885001,wheat
2,33,117,43.05442636500629,18.142656850513,6.927515314073888,144.7724293478581,cotton
22,43,29,36.18243453011698,70.52539586646225,8.791371709376472,48.57156971798173,rice
52,42,172,34.392013115249824,60.13325804307963,4.152886185505921,24.641406392599993,maize
82,88,92,12.879254834911793,21.29107029632728,8.599780125244497,191.72452836692648,maize
84,132,18,36.04770689248245,17.25499220192133,8.726523708023969,287.65686824427047,cotton
77,130,158,36.19661808133313,99.10191975744817,6.60584456052514,271.523314322339,maize
109,49,106,29.778428942507844,16.83342859181844,3.8690783964675353,214.15170273726983,cotton
0,56,154,43.34410810264326,52.36496185145968,4.62435864203188,47.109906602291964,rice
50,84,180,20.165098621470634,57.515942789371664,8.055825212042844,96.52355988608474,maize
3,128,87,41.633344821228526,24.31325426945415,8.083849965741713,109.29778992852076,rice
112,123,114,40.708379356234154,28.751975647852476,9.285407972079764,232.63281857347698,wheat
31,12,183,9.230100992265818,44.41672514949541,7.252498783811513,243.51605904009404,maize
33,89,135,24.516560947647164,79.55085610903517,4.299251448076726,127.40428933424437,wheat
91,133,174,42.88208252184733,57.72710539044606,4.28191199145202,136.52801045851166,maize
94,12,23,12.423779479921441,68.94094868667986,8.144092381377945,32.59909108252229,rice
71,100,32,27.920296599258684,98.70916286237265,4.683573243294884,100.69120557186213,cotton
38,106,177,42.946669120382474,80.09342591504833,5.6148026175309385,145.8252290673961,rice
117,9,75,28.18901553008923,51.49346762066518,6.637645324577125,52.772230961336454,rice
2,90,67,15.445063308579638,52.52900153640015,3.6594858115904136,146.3769977011602,rice
122,38,77,29.119085568726753,67.30114244395494,5.102394534008361,257.69148734195875,maize
49,59,128,15.954754002141708,71.29510566566849,6.126809078786883,182.02070584046862,cotton
11,123,123,26.941693561872775,57.180940562719464,5.300857891096248,42.18012514994207,wheat
53,118,125,11.410371294245328,69.53750401970008,4.378224908891124,73.56171159640687,rice
132,30,23,29.931071022122005,16.277205421176546,8.18839894020751,152.29941986663414,maize
56,140,179,26.84012937861631,51.08727189323748,8.736670899281822,120.82994815290141,wheat
111,51,146,34.62462370133699,38.170571881018425,5.158164606365588,120.0616658906566,rice
46,117,124,30.80991141988366,25.332833446239423,8.487261545264593,167.53159419076835,wheat
84,80,170,27.983778458296868,22.793127077968204,5.98296495474446,182.8766047744255,rice
65,76,185,32.86879289629702,65.9656324364893,6.763056493099778,242.01641808637783,wheat
74,93,65,13.846375687992246,59.14303890192188,9.012646922311903,115.11804293978261,wheat
102,50,168,29.578284194862356,35.997230508928766,8.329701710807505,244.41153988434735,cotton
37,37,172,14.828054508373803,54.62983903797994,8.684952522476184,114.46243562350128,cotton
49,5,34,41.08444894363805,56.454154057436035,4.381282872816138,35.63977247179244,rice
97,35,13,11.211443553869307,30.976169803198147,3.9489931023692177,174.46813265718365,maize
81,57,68,23.828560026724148,70.1574172644951,9.253526455326636,183.85261213447166,cotton
29,52,165,33.07854209629225,81.20040722941567,5.997652696037847,280.33927736884476,wheat
78,73,124,24.79207407663882,82.10425472504957,5.353945126768744,222.30917010948977,cotton
90,109,56,12.039519575166647,65.90371388790017,8.16704387744615,275.67201782182724,cotton
51,94,93,28.115258712015752,58.11765929352988,8.886516441974276,273.04844597114175,rice
78,67,146,31.190872022633307,19.48953229842245,9.054433165025056,188.4932035903817,cotton
29,77,57,33.35716203801919,38.932898937559656,5.535021588846464,167.1125708864002,cotton
105,93,191,21.83810453402715,22.255228417824725,8.98824779933878,175.37369320998806,wheat
50,17,82,28.47354999035236,96.87892135050276,3.7636146017707843,292.52838031696194,cotton
80,77,45,24.53642365162112,25.83907013447221,3.8198200050005897,235.42122699776604,wheat
132,81,200,32.25115295051603,27.270188132436466,7.515463616921554,49.78911459896338,cotton
28,72,72,29.166960311269925,90.5145077232898,3.9064050171041176,236.88554702760268,cotton
131,102,12,27.15260425163585,95.17353245960197,5.59048304520544,67.67926591082119,maize
137,129,6,17.525924184312963,79.90686524321647,7.8325485514301905,144.73002531571592,cotton
73,106,109,8.900345343525952,14.72331005722126,5.671998810589217,78.79144975033833,wheat
16,136,129,14.896746384603311,14.37540234639664,4.656622592474218,212.15544629117454,wheat
83,106,114,12.909751543632279,46.670797986180276,5.31189800473874,264.4091650693315,rice
68,23,90,24.480603363631495,26.551851117333708,6.44678513969278,101.03223079181566,rice
33,86,173,30.167196554050285,15.83606010523492,6.561484908489307,43.03768981529903,maize
5,27,124,16.256012552665567,54.03979661575414,8.54252148987598,103.29555384916603,wheat
52,87,131,41.55613979445647,95.09926584572561,8.330986797538941,207.36192315542633,wheat
125,113,187,9.06287220345249,42.01781396063642,6.441906661341511,111.72038150478116,wheat
42,79,20,35.7446903785122,70.93297895490787,8.946097728196087,97.62252183860119,maize
114,133,66,30.61838621813591,70.16961447051283,4.235687172528589,71.54753529913015,wheat
110,92,117,21.848384816511714,35.78258648617818,5.144475575474125,158.69369742049858,rice
79,58,180,10.589539712772416,70.01445232918165,8.8321684249545,97.02035631755317,maize
94,93,162,30.697907026682138,32.46126827587232,5.934281608752426,223.68673068297517,rice
117,69,16,22.268630923367837,24.718475491810928,9.818809238632344,41.53784559452963,rice
7,80,39,41.458909808550686,74.38257523817664,6.50267113303926,205.04359476653528,maize
131,64,15,27.71835410990834,23.984146842147744,8.60006541188664,86.33483005493875,cotton
103,97,68,41.57685516857876,99.71505821747954,6.0908573465024745,156.40088231371374,cotton
131,53,54,16.51385671754465,29.98553982659766,6.236700662762051,99.84312979740139,rice
24,39,153,34.121547976189,65.18984047548354,5.965767468510141,221.392660967605,cotton
95,106,73,30.34112837657809,49.523028261487156,8.130846996089627,283.3362146540431,wheat
92,15,52,34.59837680962122,25.09384412861378,7.026015173346364,275.47832156542256,maize
60,103,24,16.311175059442906,16.646779757535874,9.577931037212297,182.60668698535778,rice
121,114,105,32.00505889088642,67.64061123814167,5.115733638479634,148.97757791157994,wheat
50,78,199,26.18670769803188,83.41525836800389,4.147623994617382,247.98394680245195,cotton
20,13,176,34.71745037548512,86.4375825043581,6.032603964038946,210.41389303742866,wheat
4,7,165,20.22750584869085,55.63819891215482,7.471629837245237,71.30507119228326,cotton
91,89,193,39.84848733746405,80.9034826468741,9.043545153735788,248.71286310917864,rice
60,30,141,11.76790081420556,71.93645628263806,5.7295079502213095,139.58996978801758,wheat
21,76,72,36.9605477598729,76.3430980972257,7.710386677241533,72.8141584529766,maize
69,52,39,38.84698895965592,56.4855867276139,5.755279505789531,98.6482924828637,rice
0,121,69,37.31124305113372,68.55605437355514,7.47489411448431,94.6761488696261,wheat
132,16,12,26.698514840022895,83.30968131173961,9.19816317887739,164.73126138087315,wheat
11,137,49,24.107716554072034,48.366631528748016,4.9899432161505946,85.44691474018666,cotton
89,52,91,43.54974068539195,83.34851138236928,6.103316175169332,54.60473176822873,rice
45,41,179,16.81664249981355,65.00768376387848,9.896627865007567,54.6393482683403,rice
33,48,172,27.888627410780153,28.481035809063798,9.093507261926527,182.56492947366758,rice
77,19,80,32.203042059574045,16.375925957291393,7.13628068485154,224.73024805122455,rice
44,47,186,33.2552371097709,45.35523862621531,6.827081691541533,109.70871301015217,cotton
72,91,80,15.940259600989467,61.12280926156225,5.332826462042146,29.855025076731657,maize
25,74,178,31.621694118042072,86.24940059088303,6.830828714346329,55.62304727891694,rice
46,50,51,37.350179391874605,25.188072501621903,8.96228884892286,274.81523086981986,cotton
120,112,19,10.57314740221576,82.85368812343641,7.9125238655089065,157.58787764672425,maize
55,127,109,40.59651707238728,88.2371354288827,5.367883541466234,146.4619915563839,maize
93,25,151,9.858216321810428,27.17693138571147,4.797427651584752,30.800988782613807,cotton
106,111,30,21.235590482220545,87.25866505075766,5.207942978259579,223.02611516190888,rice
62,84,56,9.381089888718728,99.24739983548413,4.593249256969803,167.1977503274442,maize
47,51,97,11.518509123604428,76.56462459745492,4.115926082392731,76.45922855968305,rice
60,121,154,40.58421473852576,81.53045712603797,6.199236963406834,50.84903114639727,rice
80,128,25,21.19689995150325,99.50127673514663,4.229649452324844,126.92601184196678,wheat
25,29,55,23.633287835313094,66.16185279508404,4.6071168717625515,253.2340327336854,rice
35,40,42,16.33475169118196,40.6520206664329,7.02477096714629,261.0647405536052,wheat
0,55,24,29.638787591007187,86.05314309699949,4.560019322625261,188.0122899831254,maize
7,19,161,29.55889203152097,66.93372084829703,3.9113857022550143,222.71976451951025,cotton
112,72,183,21.801183655108893,64.0800717213604,5.543984194179581,52.263613423588964,wheat
98,25,136,20.436265282418134,36.00163981866336,4.9188549951254705,183.9148903229774,cotton
46,23,59,39.67100614009349,79.09297358864505,6.818565410683786,205.85990356565708,maize
126,38,203,22.18745575153072,21.26051888672745,4.159244024715868,76.07841982505407,rice
55,82,96,26.02850957658113,93.48988770851837,8.341403872678379,265.2010699055706,maize
13,129,32,18.703170970508832,42.18958705724595,9.336143865162292,74.48734188897586,cotton
27,121,8,36.248917191995886,25.212843237157983,8.287722520277892,107.46642311325948,maize
77,56,154,22.681068267933345,52.17965921753934,6.931406120864979,192.9419983689797,rice
129,31,80,26.72934497206971,17.900520621470022,9.04270077232042,197.89474062913894,maize
108,39,177,17.6594973765792,72.94615737239292,7.975274365792908,214.8837426538337,rice
13,140,71,43.24993679309262,91.63991635537593,3.5679492285792227,51.388460332535054,wheat
55,110,90,18.988626571191745,86.03018497191297,6.037940583867799,256.65842407061336,cotton
114,6,198,35.69037720205848,25.178111263952367,8.980130232179793,168.5279992710454,rice
6,81,166,23.72822341493306,25.083961872874774,5.727331045360733,151.4024213891458,rice
2,136,95,16.016676567182273,83.98760382483592,3.7267857175043715,293.2985237833354,maize
110,94,187,36.70019892417541,93.4870764189791,8.305396872276633,226.29429895353286,wheat
106,93,109,20.456196597662156,53.74861781332669,8.665126460621673,53.056977509503,rice
17,98,5,38.98198815681371,57.03180414184801,4.534223396078907,230.79267719742413,wheat
37,11,76,40.72671289438613,41.54142218758442,6.960472799670087,46.72254077134822,wheat
114,99,91,38.79486066338597,90.91640593693981,4.736193027132474,27.856431075489336,maize
14,112,170,10.050025831017177,69.54107704166076,8.131869658644305,132.55926794837586,rice
118,78,10,36.26996107342793,38.96892519478683,5.248784931343008,296.77248440422954,maize
27,43,157,23.165180407495164,39.871667706770445,5.536425389307846,68.88894363984002,cotton
38,75,149,39.27924376835055,90.653670263012,8.941612297442251,207.44055302068202,cotton
16,60,65,31.062706054563144,15.428708529207016,6.567515948212463,68.47479502847332,rice
85,46,16,37.882463224916954,41.924121814127446,7.813218665845516,221.9544544796668,wheat
125,40,10,26.235197179859213,61.77945471386715,6.091282446652691,160.8751935539989,rice
43,88,31,27.47563883527281,26.96520085115411,5.419164160327785,209.4801255033779,rice
24,122,140,13.861908979858303,22.154705209988837,7.528078709134819,76.6797485157272,cotton
12,11,128,36.151959450324036,84.14548710108281,4.497282777067609,227.75564635708176,cotton
24,58,110,23.445727966593964,90.92834419495004,5.902118941050597,297.34056524598043,wheat
67,133,197,26.257792121764652,84.8595423908208,4.8461985207653395,205.4938168492359,wheat
137,124,189,36.19065533623541,91.30409790828544,7.9809195870984,157.57015746358553,rice
66,110,97,29.699762192768446,61.6727581591236,9.580704918948932,277.17547973217233,maize
108,51,113,15.83829065137696,83.8867661312921,9.911090634022178,24.62236028524277,rice
110,127,103,29.399608171408616,47.18013496288513,6.399782659243844,223.38421159320833,wheat
110,123,172,23.036005100591005,71.37248108598318,5.126295709258702,267.5925929551248,maize
33,122,146,25.192965140228615,99.02298175067918,6.351821145275047,37.377120350893506,cotton
110,25,39,9.816647912932972,33.60938048749,8.956415000159941,145.4853618352263,wheat
7,141,180,16.149522830642415,47.682206252071424,4.826676569875136,77.1936600069822,wheat
112,30,88,18.624177136128836,55.40966118302054,9.631495996644828,177.90033139137253,maize
82,13,60,33.67665627387938,26.090687547358833,5.701615551060092,201.01028252732894,wheat
41,19,181,9.23051269443932,21.206629689064666,9.848575566859964,104.44516296821897,wheat
100,14,145,23.07588755383525,85.38384410108965,8.900641235718716,148.24589775489937,wheat
5,126,193,41.03233643433679,97.9908136387807,8.707194239909192,97.96414572673035,wheat
25,125,53,12.729039486736966,48.95303247147834,5.547306099099946,123.03003062608093,wheat
63,129,50,26.827389929418594,21.77334395860568,3.5565252449446656,64.61794694422271,wheat
58,76,117,36.24030502632102,19.901384126396216,5.960935932839361,266.70547112206054,wheat
108,53,194,41.67721606707607,90.66379664920481,5.443652340627747,22.996397779135627,wheat
120,95,140,34.855165887750076,54.01815748665672,3.7408366182326547,265.82859704662854,cotton
32,41,47,33.941709370257556,41.692741575728235,6.754552251898186,179.33681578864974,wheat
20,72,152,37.633109943322324,55.10226017064132,6.095521644660824,112.52696092667281,cotton
69,54,128,24.3801125510674,41.54502699702801,7.586543652255419,221.4729508718828,cotton
111,23,101,36.913681961731484,56.180146659369186,7.5004399149298955,161.54281147097262,rice
3,104,94,9.107559505378973,87.94117434380556,4.2776083351746195,159.13689498425228,rice
93,64,43,41.05095277988165,65.03207352744285,9.791658117055448,50.868104450494315,cotton
74,93,89,24.27923185667356,73.80572140528824,4.703838405602918,128.63178582190451,cotton
61,73,181,28.115299547121303,45.51957036680733,6.367564719484697,87.31026066922266,wheat
93,53,196,17.71264637468365,77.56472390592167,6.6434769797132525,24.57895532272444,rice
94,112,66,34.707199524488686,71.4024165158598,8.736124414058933,120.44373222820124,maize
54,123,110,11.500757855662421,24.508854447306277,4.139038598849525,45.21198972561709,rice
136,41,111,39.24135771875721,63.34694536906791,6.260469158102945,91.69864100080531,cotton
130,15,58,37.68987149087105,36.26805250367246,7.5475539763211525,45.962001506314344,cotton
30,142,130,16.35969505113011,83.18708080099158,4.885602203258918,48.30710147362362,wheat
39,82,13,37.0349552802414,50.77138036978605,7.540893268053509,75.60479380046766,wheat
35,81,92,36.23456699719263,99.52432664064288,9.448401553819764,298.5180372027895,rice
5,6,41,30.862748431725123,22.189137540127977,9.924016764752025,20.817956164315195,wheat
65,68,53,21.84717816495411,81.1514187940864,3.7089849345319514,197.98452826411483,maize
74,39,45,18.291731583238096,72.00971259923365,5.017188189895723,59.52518334569224,maize
3,11,21,16.90765812158385,80.04999975823527,5.498377825698531,276.46684185344446,wheat
78,89,92,19.933522352311712,40.62145406944192,6.070372086865582,46.2727158594157,maize
133,71,25,40.319011753623684,56.438910829859374,5.060136094845902,286.05183813658795,maize
117,46,55,11.535781043209028,82.53671031071629,4.810462684936213,190.2613599560261,rice
112,122,63,37.71616397741561,34.19344294653969,9.6473267451687,20.56296920942671,maize
93,129,171,20.98881911520755,33.635565628723256,9.415279121842135,269.05690354014297,cotton
61,28,187,27.007738950995837,61.4960877164416,3.8026317064600765,165.42847991048174,cotton
78,50,45,36.5178243326499,59.13987003729923,5.681955859135222,93.32412082924037,rice
135,23,43,39.65052266375055,38.455538963796606,6.109156685688939,233.78215906147568,wheat
25,72,145,20.84563248953175,39.811044762987805,5.0392536032486746,278.14735692441025,rice
43,106,196,24.925245322437597,38.076887390066794,7.54994145660385,154.8453406229101,wheat
132,46,15,23.27588485886521,80.39401395451037,7.624052008388912,108.04430961123992,wheat
69,36,151,9.291798517611282,70.14094219601412,8.977247230436165,239.81287524728688,wheat
117,113,143,19.143609676724182,85.61480096192687,8.271198088400801,209.98499330941638,wheat
67,40,81,24.832744795579778,97.87754798707796,6.994172225660754,267.5942538518883,wheat
18,101,131,23.156612269483325,54.90536347643467,7.709098799086064,212.9712754520781,rice
19,135,50,33.98923357892143,19.976999514075075,5.264487753137036,87.99611313268593,wheat
112,77,49,22.24040606015545,18.382472848519676,7.319281863389783,279.53735217042293,maize
139,140,5,25.88476924662786,39.60440716636319,6.6506235205894795,49.391030234787685,maize
46,101,172,23.801859435812865,94.19772219929209,4.358738369517425,94.7918644922411,wheat
0,127,112,34.640821288968816,59.109823072103396,5.061985141194331,165.00616905994357,maize
89,74,23,38.90458810469565,37.55754015838867,5.378505822647014,177.68429295683544,cotton
63,17,80,27.36633440341187,48.476577625484595,9.452553611818473,24.471701787599127,rice
37,53,76,36.341711967702416,65.57157260672838,4.983689957645128,237.48241823225865,rice
36,64,204,19.173015868391794,70.23084469557584,5.362730734158663,120.86339708370718,wheat
125,134,193,27.696730913980815,27.453980378590618,5.878640597775943,133.33660088794508,wheat
138,9,113,20.86126388539854,98.01115531345249,7.774503236747492,245.49801269402388,cotton
99,31,16,23.26490225617829,60.95787529696465,4.261455247520585,125.78353208736203,wheat
76,12,193,34.3546231887215,25.89120260115418,9.643407168459916,33.35504437231501,maize
2,54,165,39.55593750929504,90.86241391683059,9.074278657410282,69.32201011042201,cotton
133,71,49,13.064114379408625,20.658006312128638,7.217271510177639,286.2856480342506,maize
9,48,94,30.94717808858521,92.07108133197639,7.840803866216721,39.807332624739814,rice
4,129,107,29.11771169408628,99.68560805709157,3.607293434812751,119.00509978944731,maize
137,62,201,12.956764115281226,74.30101382369551,5.682804353244009,160.2699211487418,rice
129,7,12,16.2145174158378,80.3027357904624,8.624051885459686,157.5147182896882,maize
12,90,157,19.66843694143391,43.17359914199293,3.998990351222965,21.312250137429935,rice
129,74,95,14.647547817989928,94.9719678163528,5.318101092317038,159.70864630119246,wheat
83,134,178,17.323972465973313,59.66708117480927,7.269311574472964,127.03306367801187,maize
64,6,91,18.155887840330507,77.04033764234241,5.151299898381185,290.788283029343,rice
62,106,162,20.52823308141123,93.47451340791488,9.514818153490705,64.51193102968253,maize
100,39,179,34.94625728012039,97.85242754062058,4.34401758237963,118.78882066800543,cotton
72,102,181,28.761140304193432,85.68227744746693,8.635219664926094,136.97267137475134,wheat
16,34,179,43.200696517506344,40.23466069849961,6.771189575877269,128.9595460520491,rice
8,120,88,23.283543569816366,97.1124531188445,8.332130196280517,205.54401087689595,cotton
37,12,86,35.10219782321684,68.10240621819898,5.5010067143257215,80.19800389842146,maize
93,48,150,39.200674484972204,94.03467307289,6.813313038889529,81.74526672577463,cotton
94,40,198,32.492400482375764,72.21572281280623,9.018019652217255,223.1858675152125,maize
48,81,72,23.183486203549734,40.5965238095866,6.506694958352792,159.4658658740713,wheat
68,35,165,35.092772881489495,45.97850220952218,5.816595910702136,135.76858243055236,cotton
61,51,131,15.927799751378068,61.446440733264055,6.95284068746762,67.30766943436305,wheat
77,59,168,20.245192956527617,81.98007221851309,8.119816129554202,72.40820249760158,rice
116,110,86,27.881981140210215,41.51746430089351,6.356547945010357,23.147048107705917,maize
119,125,151,28.88301714692227,63.95455556102294,9.546367719916237,45.658501937656766,maize
136,59,160,9.601630420221136,43.88697444936914,5.399451106832682,175.20605066702862,wheat
75,16,172,41.7672294781469,84.18775336532138,6.561985623729136,268.4628857378409,wheat
34,144,88,33.10746040192604,54.26793219778871,8.374614126158882,100.14231237409066,rice
0,140,117,26.105275695581405,20.83668071782932,7.937939822792682,111.43844032818728,cotton
39,7,80,41.34948411912955,28.4940221413973,9.061848377566484,52.38882171371442,maize
63,34,126,24.132480448991373,19.49789210835488,9.919451123586342,128.38542370973707,maize
59,27,147,42.998179623922454,57.060248532347956,6.248967637440376,30.570661466872775,rice
63,96,45,26.683123789935458,23.375233128690034,4.215811665804528,275.62415380449994,rice
92,119,171,12.812859084429585,24.044078169221663,3.6958782724033137,207.57054375046258,wheat
71,108,6,35.483313890205814,94.92665685048968,8.18108727554013,295.9849310946025,wheat
10,122,195,32.48958571896274,89.06399278693148,9.128648043228129,265.94382733155874,cotton
104,9,33,35.7685872374997,53.01286307867029,4.921389053482056,151.8669317558808,rice
13,108,109,41.98775470108998,98.76323210327965,4.520405359502995,164.86432842070744,cotton
59,112,198,35.890652197387986,14.275989194789242,3.9006007894254497,73.25684254806092,rice
29,69,55,30.135080587250144,66.89031899175532,8.798206815858808,148.81865107939032,maize
34,125,79,38.70721524727531,67.1002233643167,5.505299692908244,271.56780858672414,rice
4,34,14,32.29263841150542,53.472018749166814,6.08692798937296,34.36505046903081,rice
82,88,146,23.052949130383418,48.28638023992758,6.7377112339659035,260.58103611457955,maize
122,36,55,39.6938487838258,53.295442373397684,8.906078828309507,115.11282058722043,rice
77,20,122,16.563231058335393,49.83040858075021,7.691365946855963,270.58937816455784,cotton
61,42,125,33.73524843056904,76.8778151697827,7.461016216284305,282.10392193015224,wheat
131,40,43,39.55248640468538,25.862667885909907,4.631328323716065,206.94524129698056,wheat
88,118,32,34.316380711659875,31.201633989071674,6.8049429026113035,205.1523609980719,cotton
41,70,7,33.13004835402692,29.734022537798552,8.10705375063054,146.2341699012278,maize
88,109,88,35.059444548403484,36.7589785565948,9.767800086716367,252.782621501741,rice
39,89,202,25.03717540327746,59.28515165795732,4.797056631333988,287.8749113099044,cotton
71,6,159,39.294848273172356,23.79281382183211,3.5614591937529396,235.95401912439385,wheat
38,79,121,15.91976115849278,88.67947199538794,3.9849412323741453,193.32608984118002,wheat
103,71,6,13.269416597611825,39.749830463762244,5.9204898757719455,189.1108025518691,cotton
13,59,97,18.77998098713013,28.192756285817637,8.784307531484156,256.6599471058124,wheat
31,10,170,27.355472277608513,72.17425865876142,3.545995006587498,170.8540682024409,cotton
124,90,135,26.623078570015437,17.524757687373647,6.441345018184811,243.96439933735982,wheat
96,64,148,37.42786670502905,67.40370538101335,5.6202451627985806,161.85821077775134,cotton
22,105,98,22.929217675680007,74.10956947758956,3.8379822130422454,37.59136393899178,rice
62,16,44,25.70940325625908,32.68264507046957,6.399521686171655,127.08164992847162,rice
52,53,6,9.295863761589938,17.85716037558833,5.14058167524847,143.92014056786167,rice
103,46,85,23.109412390036425,45.43168016657522,5.766138333194721,59.6291601420249,rice
103,86,173,31.40493201831942,22.711497416338794,8.044162562810847,48.739853229817385,wheat
38,39,16,9.370465322336738,24.244481273998453,6.8587883363866275,169.2566687370132,maize
133,138,167,18.618736486740595,36.05527275945379,4.3027294427137175,43.909731235385465,cotton
66,71,69,16.07727912123524,39.58751049900581,9.691509640328235,104.53478748220488,maize
134,84,59,10.293192197499149,59.689057632356175,7.595265331170714,227.4685682593222,wheat
41,11,49,25.532214133521634,72.41175242531828,8.432192661266702,288.65969718274744,wheat
14,18,105,15.163056769001255,65.07232505139224,4.010132686053908,220.02927609662933,maize
110,77,66,34.7263916561536,26.97744811245738,3.803055963722522,296.5073214118564,maize
32,70,53,38.380286749152695,29.011214701839137,3.6252454443704427,214.59237430562175,wheat
37,95,131,27.843643616019804,89.58810009224864,4.715833538860982,101.98769090663208,wheat
96,134,157,43.04250088686178,62.12196044729582,6.168790081307108,207.2758246496675,cotton
32,24,27,24.52917821575025,88.83107103598991,9.526720299114178,215.6553355925582,rice
85,14,156,26.72088212633831,46.10896695033963,6.443464205671599,123.68020616799183,rice
65,29,42,43.304238725427595,66.92636863701308,5.369242878599089,25.140650317123434,cotton
9,29,32,16.899462993381952,59.14842802420123,7.118863032666631,215.94566009225682,maize
4,58,25,41.67772599774015,41.615265547410054,4.220858683188043,26.25022151994701,wheat
122,37,186,10.322888795901097,54.54114569071979,7.425217938072091,195.90120152802083,maize
73,99,111,24.386583125672338,57.33351796160461,7.160701785888441,65.75264964149021,rice
96,18,150,11.269622397837342,31.470087956142493,8.60043513513277,177.64574194866788,rice
117,69,168,34.24383079054046,41.26268912013343,9.854268218813635,160.47419061469003,maize
37,114,103,30.03305141541862,82.09964381345796,5.115625157851752,23.97152233592592,rice
46,84,177,33.45620408184573,92.76136788600778,6.782187543176218,121.21370016058705,wheat
108,58,123,21.88064193888539,45.10154969870307,9.353093216694383,187.52372644476088,cotton
14,129,77,21.7064454009936,40.57366403095704,8.556622855683099,256.4196337210254,maize
135,135,185,10.409376871787178,30.992300947101768,6.638896591969201,267.56353238639457,wheat
4,138,126,21.025581142607948,72.42026297672783,9.588193423519169,154.8896391587477,wheat
46,29,34,41.21570081883277,41.95610642683843,3.8686043062482525,222.96639933979864,rice
67,121,192,22.046044820738647,98.92989049158244,9.495631110949041,108.29513137808794,wheat
75,140,112,37.80316456183566,42.17770123292207,3.8252676069452742,115.45758604292232,maize
129,29,102,38.1850438405352,48.04534193020688,7.024642552098567,74.33892056439703,wheat
94,83,36,21.8374542998163,65.97780729929562,9.234439705126992,176.62825641661817,cotton
114,72,199,30.854805511807193,82.98037761235867,5.19192287653479,107.76893141063212,wheat
35,16,199,12.153700339216094,54.507139993427714,6.541280333206821,43.694639023657885,wheat
25,36,160,12.443198538589536,50.490075216389506,5.588677981642065,210.88144422269582,cotton
42,132,176,10.525719578610708,99.60607509574697,9.631806825971703,217.2131053369626,wheat
26,100,83,29.078376004122568,15.159514918516038,8.804277630209905,120.41388976715075,wheat
68,96,45,23.67857357026948,90.9849965603288,8.065969732941884,41.565958238583946,rice
10,35,67,27.92892762974877,27.04435159955429,7.2843177938013,138.8699696392436,maize
73,82,27,26.98940068921732,81.62951467662806,8.784611123247513,143.3340747482775,rice
103,24,108,21.03457423951195,67.22909331002467,6.026199747411643,206.33454081132854,maize
37,64,79,32.43994850659803,43.56314931289645,6.382233946883039,108.00615250685456,cotton
133,138,52,35.26379054993622,89.1685611872617,8.201211083760747,210.2115095271264,cotton
22,97,164,9.339794821886999,15.366407582530632,5.8039406756115195,262.78883559816904,cotton
46,47,61,16.05239414694541,33.69192269586246,3.9115220667915276,86.31423989151833,maize
89,134,122,33.68627000270429,62.854050494510226,3.9787148812263,292.6922584459741,maize
45,64,104,22.303713016289123,44.39420253146012,4.242936440408733,127.75557097203023,maize
106,35,128,31.917565550915043,66.58155889868705,9.100747722333189,94.60145501068465,cotton
139,9,165,20.92164869174936,16.32672577899092,6.541138181869956,137.53763765173937,maize
103,14,156,22.447817058687853,24.242859520892395,8.090962458580103,46.4855374178392,wheat
110,93,171,14.35995874808552,25.15468971152461,6.030336121295512,55.200239077647396,rice
103,134,38,17.829351035365676,30.48539412792033,5.166098501356686,135.56771697363507,cotton
59,130,188,29.928599749139416,53.63389110542253,5.735917559100645,232.43643268174853,rice
99,15,160,23.92573442933355,78.73247212487493,8.614534303842662,270.81191188555954,wheat
67,60,169,35.81444850061914,91.8827891872654,7.526391845202462,205.26208771587403,maize
132,87,11,38.542585679601245,85.86813329596558,9.53840018292889,49.49786320054454,rice
119,141,200,27.70637767485408,31.137228368611595,7.87729877403481,207.26670080295196,wheat
36,103,169,35.255615128153664,52.07542533720981,7.171969708500228,197.08136172767226,wheat
71,77,60,19.525622284830767,31.353562159861617,7.429662297868774,244.4943866569488,rice
126,119,69,23.291746856692725,36.930524124711596,9.568872070176589,249.9179663626346,cotton
105,11,197,33.67030201615656,57.42404725519888,8.576013988341586,261.8743261430788,rice
91,84,51,22.28948794967352,20.098305599300353,3.6548255686398594,135.48350708309204,cotton
30,101,152,29.33939699029076,32.96190353273538,6.9398596431138895,214.46055444626938,maize
121,8,23,15.290241351025525,94.44061598724609,7.932899370359877,94.87748740602521,cotton
136,8,161,29.732030326721855,54.215488606685675,8.321618201148159,298.3752535334084,maize
50,107,192,38.85375269685724,52.4385330068232,4.872635248381752,69.01428608724896,rice
28,44,150,39.102091447846384,15.508696505279627,9.084622162666708,23.02535205279365,maize
39,21,167,34.073402560584455,35.4671063178414,9.655629867808054,61.6309056861343,wheat
40,105,175,34.81950526080299,88.51858761239258,5.024446569640961,236.1740517946077,maize
10,107,130,28.273771463501923,28.371948870333085,9.184043546411061,144.57223635606067,cotton
0,128,143,29.205682942278997,49.844509816916286,4.1245432306036545,144.77169397803272,cotton
45,56,53,13.487722762156553,15.488445250919348,3.858752024582179,286.0406296739079,cotton
100,56,117,24.298492716482343,55.26291748880004,4.332201272661706,276.1903766496145,maize
89,128,42,24.53955349343978,16.061929268571333,3.8718525517677116,106.83105526774597,cotton
109,67,68,42.23364957302074,84.51693088880037,8.941878807283196,78.4013301461541,cotton
56,120,73,23.853377162421637,84.96646494899453,3.8802829303112714,256.38502313505643,wheat
0,66,140,27.974591174861104,81.78526038127914,5.249517392381941,272.4004084251985,maize
62,11,166,27.41381126487672,38.549967985346655,4.168190852370915,170.96350346095886,wheat
54,96,180,31.021145838994805,86.02797434597424,5.402517913860646,195.41008998944494,cotton
114,18,120,34.90591417191657,60.80579992692368,4.083202971349928,91.72209114409986,cotton
52,90,188,16.672709384554892,46.302831092079444,7.80194093478501,243.11342819882236,cotton
136,137,69,27.256046005580487,67.86328414584685,4.358624697246184,196.1612779587856,maize
56,134,35,37.61323209996366,15.31787446829526,8.985887762402438,160.36298586979737,rice
116,66,136,24.969547777237274,26.514606427936474,8.762710366679567,36.94121658442148,cotton
34,83,117,18.53424549111902,77.88940209195492,3.5879812544307246,275.16049681497964,cotton
62,142,113,31.64661127616702,35.18953309914863,9.268477729517338,191.52090286399945,cotton
24,62,182,37.53829374359944,65.52134153742041,3.6864013998272838,73.84556620778764,cotton
89,124,73,11.030439208519589,47.2709951139901,5.043318855126665,188.99757566223278,maize
74,137,162,35.90114834674186,87.5339513586727,3.708586047277408,208.78192465269663,rice
37,69,124,37.464430463717726,95.90104003003229,5.662832056533195,166.55817321577584,rice
129,17,92,24.91407402646295,89.99916851589272,6.809300425593468,220.0936187600589,rice
134,86,191,43.09820214012359,37.4575459451351,8.630392956457488,182.05770640593258,cotton
90,143,71,36.246785673649725,30.90364113463017,5.676601185025745,284.02166315864844,cotton
16,56,79,35.79214038661395,54.928559081169404,8.043355758894872,35.15658182811706,rice
127,121,49,34.8921743182607,14.888683409677373,4.707528703846233,49.78349295250217,rice
107,30,8,14.07869239715685,16.47238115623194,8.333854061432174,68.5515001462405,cotton
24,38,158,16.400496392887426,61.688073628483565,5.01981814205549,212.31911750271587,cotton
87,56,159,25.000056081535213,58.87292292504831,4.424428228277865,199.91161117990927,wheat
28,116,178,18.030551596087385,99.51556810010248,4.694032996408909,268.51458373936833,wheat
62,86,111,23.30114788584131,31.561882127381345,4.672486549999149,224.20643901023314,wheat
113,46,196,39.79297423081379,36.38466880763535,6.802836943187822,161.7107499636043,rice
48,25,55,37.55779218199253,23.992703860209296,8.940496422851659,296.2863794322515,maize
80,46,54,30.786889765027382,92.911786787519,4.012656695831736,94.28114959972444,cotton
83,117,10,38.73549573965096,80.9339798749784,8.052798691097642,252.12889850128113,wheat
104,109,63,36.144467757251135,84.75090863408097,7.713991200164403,139.00710010017747,maize
117,21,129,23.780124874655034,91.6449119043177,9.119028489781094,200.78542590606062,cotton
85,124,147,15.837120548940588,59.25442686213886,5.0723102896644825,222.64517875043504,maize
62,141,34,26.749906244325473,52.93628037115603,6.39870748993159,196.61545016943015,rice
103,133,174,34.487576556119976,42.581157122616645,9.462328291416252,59.32020782027694,rice
48,134,126,24.039223015726318,64.76747674189818,7.750357818871442,143.5054138416871,rice
70,64,129,32.06700105596882,53.20074417282358,6.003668578828684,176.48637249768518,wheat
0,52,41,12.11731080624287,52.968202083829894,4.346295745587929,256.54133036736243,cotton
122,33,174,34.89796506254341,94.57345647903323,5.190403450879806,143.6987941780826,rice
61,101,128,37.153069653273214,98.61118140400704,7.2430276750316285,275.94331229226344,wheat
31,14,105,33.46329927395186,82.53464185333166,8.125001582289709,142.7881649790674,wheat
28,62,39,42.539136025293836,79.1293034959667,4.301276951326194,172.9628738258593,wheat
48,25,91,37.63882420250332,72.59744562770457,7.361406354683707,241.8561198471287,wheat
29,32,138,40.302816416497365,28.495936342028795,7.044262235721556,182.5068899589037,rice
18,38,200,41.36495225849903,19.326550965461106,6.809873076688159,287.48670044775923,wheat
17,12,22,36.75697751680223,73.46905973150892,7.944392877872131,204.01447842360744,rice
0,83,117,32.3279206439265,76.73155497183369,8.893175392337493,165.70617653971678,rice
77,91,33,9.029292560423507,18.286524796932543,5.580053559659032,26.77682423178453,wheat
114,92,81,25.064027499825897,93.81259602961687,9.225238504314579,135.37255204148482,rice
112,73,63,28.73500610698928,22.07257561319776,4.534480465263466,103.50579750106567,cotton
113,91,179,19.42545499481279,38.76739375486747,4.614273721197498,228.44521265648265,cotton
62,105,130,19.915939974586003,71.89725475310495,5.21801208973807,78.18409087898948,maize
131,12,149,42.326405637499256,28.821478792351712,4.269778799883181,77.3330112983049,cotton
128,81,113,39.9061236523157,19.010249957269192,4.9832558069577315,72.96262568512384,rice
7,91,26,38.42388834173439,42.64587705115092,4.185291753094319,55.17510592203828,rice
54,47,72,22.979511289457953,79.91908339658596,8.792085565385914,106.77879947179153,cotton
102,133,73,9.307394481750672,49.720536362616514,4.394960307749862,266.8064205553274,wheat
130,113,169,11.625745288981635,70.23283886594857,8.312596270685479,235.9113402663626,wheat
31,21,53,19.710043432383486,63.944949014395874,3.808565309361869,224.867176058996,rice
9,137,145,9.378640517899344,16.164568279232753,9.608470909189613,242.14869985266714,wheat
109,25,166,9.427669899744654,98.99764768955798,8.079870963678815,95.20246949488629,maize
123,62,113,40.773625062238025,17.81121577359792,3.54376977289456,267.229394620955,maize
86,114,90,33.439623798849034,97.22005067122814,8.419235861289378,58.42839447066559,cotton
54,143,57,19.59711625387512,61.39435736939621,6.810687569734233,113.83183303128223,cotton
31,139,127,13.452663529393217,96.8219918000175,8.51911169695817,183.5313389145599,wheat
134,32,91,26.660504768643435,24.096678541753974,6.8648794492553895,48.85363133999588,rice
92,55,183,9.016313705774602,56.29781826458219,7.628200083171683,223.4417377675679,cotton
7,9,135,41.53371897345632,28.789890754758545,8.56397586074406,127.99993751743727,maize
64,9,46,23.28630691070481,18.62956645836376,6.108895871545797,238.5493170220982,cotton
56,98,102,22.851373190021047,67.19459574314135,3.5174404848437115,157.4076810924742,cotton
66,100,164,22.44218722422511,32.07119484483619,8.973655433887014,70.55642387379238,maize
71,12,113,11.246092314013602,64.63738840760844,5.952933935302827,224.73095019076013,rice
53,68,55,31.07553005674516,23.891883392667047,6.694515155546794,90.39427010776996,cotton
66,142,89,34.37517614404812,42.71788033121128,3.5500171754715586,156.82704735795974,cotton
50,42,178,32.39297010595192,81.26154287632436,6.669072546654631,41.23468546982524,cotton
96,115,131,13.654476942529392,51.724056452312325,9.852978866121937,192.19318325559044,wheat
91,116,25,29.002579856040406,68.07033696499967,5.292043735672876,205.5515092263008,cotton
7,85,48,28.67653427340305,69.7600946807082,6.046493660360914,125.61396634592433,maize
34,140,143,39.09411595975717,86.58668237059081,7.925503577258277,285.8735809023709,rice
95,108,107,22.042598894391297,42.11238193653729,8.747271218852362,263.5349192945337,rice
87,77,72,21.776285136531286,73.1749756245734,6.188002058599286,217.26535389622757,maize
77,53,133,30.38566799632877,96.68970697999733,5.494267525384323,218.8550549353333,wheat
31,40,96,30.892581974458032,76.85645862115645,9.539598151903832,90.4660173541478,maize
119,130,195,25.184590172303793,56.25169726424506,7.860813585365549,203.0345195734698,rice
45,72,28,24.270618777215176,68.32509934184817,4.266497200935828,75.3807139283069,maize
54,82,129,26.05104632173021,77.66561799625363,3.943895535187137,60.29329737808249,wheat
6,109,145,38.83742868769042,66.74427863527875,6.614061039089977,298.4118883512882,rice
73,126,115,24.901666508698767,15.689450732349012,4.917380025344435,193.44834052555805,wheat
6,123,102,41.58662295014831,30.955984221749,5.135661811743073,140.175474354129,maize
84,118,143,26.39453116133196,83.73333557970975,9.152337631651342,100.42059494474785,cotton
111,14,183,41.909644157354066,37.63161348762618,4.076805196597041,188.31125549338103,maize
124,144,21,37.85419178013729,76.9695048887804,8.106944902074048,34.014353013060976,wheat
35,95,103,21.460731593161647,46.15814485051841,5.246156111770987,46.564453707009704,maize
28,6,86,38.92790353218707,58.99592460969889,8.396513745842647,29.355661816039323,cotton
81,122,108,12.665705454408865,20.086671260519285,8.152329315945227,159.1539230886619,wheat
1,17,156,41.067894060704056,29.794655093181103,3.5476038453012473,187.38885523425228,maize
128,99,23,30.842776500638777,96.31092371286879,6.778832059215098,37.60124157394944,wheat
46,36,169,10.725517586002544,90.56263394146947,4.397217466514618,220.96283052832345,wheat
10,36,89,31.28234681923078,70.17302250626659,9.078502076926679,84.340468156079,rice
129,128,12,42.78253074694475,53.660734887905406,9.113013085633899,210.93582465684224,rice
118,15,32,11.262552813319818,72.18625802697858,6.194147000259802,293.5210689288106,wheat
139,14,9,28.160866685836005,67.28727398113246,6.361907782824959,212.5793189294895,maize
19,19,149,34.89063308911413,62.99629935042734,5.453142129765155,266.0467862812864,maize
4,21,105,37.067511746478665,19.332658600142803,8.1149445653026,284.1410543519328,maize
36,63,168,23.251887166429736,68.50383978590438,5.809779177890396,155.69715430886706,cotton
136,82,122,15.945204587013269,80.17182622064055,5.2245835359257615,215.7021580214754,wheat
52,128,151,10.305628415217576,99.47267943621874,6.283568023209033,257.35564172726856,wheat
98,118,68,29.033456574838283,15.209653528384225,4.089179618415234,119.47209089858538,cotton
85,26,95,24.613950798826238,76.8504684177912,8.308124637908673,92.96994306458592,wheat
107,36,121,41.89374217096743,63.273780162032246,3.581120824190308,283.69571273285055,wheat
23,117,102,10.942081033864607,51.46695253365961,7.650483796192624,222.3765793276605,cotton
80,124,15,32.7160277190933,25.19531536425791,4.677647552301378,81.35852182516126,rice
119,126,58,9.700072840883992,49.32677894098158,4.99668205762082,145.21236235139617,wheat
58,36,177,14.804481058362414,44.637212125571516,7.593470071241857,241.90235005084926,cotton
127,123,51,24.637228147310772,40.21857808325778,9.89455591964192,172.48498352214838,maize
113,43,144,24.68230463167996,76.91100131117965,8.508500629627225,201.12416652447524,rice
114,16,153,32.72666392123749,74.3261916844871,4.954407231518644,230.02137903924034,maize
